Country Name,Country Code,Indicator Name,Indicator Code,1960,1961,1962,1963,1964,1965,1966,1967,1968,1969,1970,1971,1972,1973,1974,1975,1976,1977,1978,1979,1980,1981,1982,1983,1984,1985,1986,1987,1988,1989,1990,1991,1992,1993,1994,1995,1996,1997,1998,1999,2000,2001,2002,2003,2004,2005,2006,2007,2008,2009,2010,2011,2012,2013,2014,2015,2016,2017,2018,2019,2020,2021,2022
Indonesia,IDN,Ekspor teknologi tinggi (% dari ekspor barang pabrikan),TX.VAL.TECH.MF.ZS,,,,,,,,,,,,,,,,,,,,,,,,,,,,,,,,,,,,,,,,,,,,,,,,,,,12.07712077,10.63599253,10.67781376,9.566182732,9.281733819,8.88659189,7.998417961,8.446123171,8.212824228,8.092030411,8.424664172,7.203446305,
Indonesia,IDN,Indeks syarat barter perdagangan bersih (2000 = 100),TT.PRI.MRCH.XD.WD,,,,,,,,,,,,,,,,,,,,,,182.5581395,182.1428571,172.1518987,173.0769231,156.7567568,108.4507042,96.20253165,81.81818182,81.72043011,94.89795918,91.26213592,88.57142857,88.34951456,84.90566038,90.35087719,97.32142857,99.04761905,81.81818182,66.32653061,100,101.2240193,100.903277,103.1981646,105.3481075,107.259955,113.5357829,117.1321658,125.5566599,119.8921913,127.1553729,134.2163952,129.0984665,121.8435134,119.0541123,116.1478699,115.0697358,117.463601,115.8501958,115.376208,113.4371835,,
Indonesia,IDN,Perdagangan barang (% dari PDB),TG.VAL.TOTL.GD.ZS,,,,,,,,23.18377592,20.44806184,19.61037528,23.05838323,25.03874105,30.36119632,36.501614,43.67033993,38.97077319,38.15487467,37.29186721,35.62869263,44.34419718,45.17376396,41.54903413,43.42576908,46.2713676,42.17140797,33.82831743,33.51048813,39.5445163,38.80656262,40.87180137,44.76321313,47.17034675,47.83914017,41.23306156,40.72425061,42.56970088,40.78951963,49.87369614,89.73703008,60.40227417,66.05098262,59.1441603,49.83425096,45.27958614,48.91976662,56.92160301,50.51889628,48.84447583,52.35770431,39.55520333,38.86164341,42.65914651,41.58791957,40.45712164,39.79188691,34.04304562,30.06221749,32.0726653,35.38732365,30.288539,28.80241682,36.05923002,
Indonesia,IDN,"Populasi, total",SP.POP.TOTL,88382881,90816938,93345489,95962527,98675061,101157868,103561105,106260749,109138723,112149246,115228394,118347135,121504145,124709058,127945196,131213215,134521025,137861540,141250964,144693087,148177096,151686337,155228658,158790611,162331962,165791694,169135273,172421390,175694647,178949174,182159874,185361228,188558416,191737287,194928533,198140162,201373791,204628007,207855486,210996910,214072421,217112437,220115092,223080121,225938595,228805144,231797427,234858289,237936543,240981299,244016173,247099697,250222695,253275918,256229761,259091970,261850182,264498852,267066843,269582878,271857970,273753191,
Indonesia,IDN,Pertumbuhan populasi (% tahunan),SP.POP.GROW,,2.716751302,2.746173525,2.765022621,2.787446823,2.485010632,2.347947891,2.573414478,2.672379138,2.721077668,2.708565578,2.670593422,2.632624962,2.603511095,2.56185276,2.522157954,2.4896911,2.452934162,2.428834663,2.407666301,2.379329522,2.340666337,2.308442639,2.268717962,2.205696436,2.10887582,1.996668176,1.924259576,1.880610557,1.835429336,1.778290867,1.742177499,1.710135304,1.67182801,1.650685577,1.63416752,1.618816861,1.6030893,1.564932863,1.500042943,1.447088484,1.410098855,1.373519281,1.338043891,1.273226489,1.260748296,1.299308899,1.311847596,1.302170535,1.27153209,1.251517291,1.255738089,1.255941458,1.21281781,1.159506642,1.110854932,1.058942059,1.006439524,0.966206436,0.937689274,0.840389268,0.694717688,
Indonesia,IDN,"Tingkat kesuburan, total (kelahiran per wanita).",SP.DYN.TFRT.IN,5.547,5.57,5.589,5.604,5.614,5.616,5.601,5.577,5.54,5.506,5.447,5.363,5.291,5.217,5.093,5.035,4.923,4.809,4.715,4.613,4.493,4.359,4.249,4.095,3.941,3.711,3.527,3.42,3.331,3.223,3.098,3.056,2.942,2.882,2.838,2.798,2.77,2.738,2.655,2.578,2.536,2.497,2.456,2.428,2.418,2.433,2.453,2.491,2.479,2.459,2.452,2.499,2.49,2.427,2.389,2.345,2.309,2.262,2.234,2.215,2.194,2.175,
Indonesia,IDN,"Harapan hidup saat lahir, total (tahun)",SP.DYN.LE00.IN,46.452,47.117,47.871,48.429,49.232,42.599,48.2,51.066,51.63,52.354,52.992,53.576,54.242,54.85,55.429,55.968,56.514,57.081,57.565,58.153,58.754,59.138,59.757,60.273,60.728,61.307,61.722,61.973,62.211,62.696,63.181,63.537,64.126,64.598,64.856,65.237,65.355,65.733,65.962,66.221,66.433,66.758,67.134,67.413,65.75,67.649,67.914,68.189,68.226,68.494,68.679,68.823,68.973,69.264,69.533,69.699,69.798,69.936,70.338,70.518,68.808,67.57,
Indonesia,IDN,"Angka kematian, bayi (per 1.000 kelahiran hidup)",SP.DYN.IMRT.IN,149.4,145.5,141.8,138.2,134.6,144.7,127.4,123.7,120.1,116.7,113.4,110.1,106.9,103.8,100.8,97.9,95.2,92.5,90,87.6,85.2,82.8,80.5,78.2,75.9,73.5,71.2,68.9,66.6,64.2,61.8,59.4,57.1,54.8,52.6,50.5,48.4,46.4,44.6,42.8,41,39.4,37.8,36.4,37.1,33.6,32.4,31.2,30.1,29,27.9,26.9,25.9,25,24.1,23.2,22.4,21.6,20.8,20.1,19.5,18.9,
Indonesia,IDN,Prevalensi kontrasepsi (% dari wanita usia 15-49),SP.DYN.CONU.ZS,,,,,,,,,,,,,,8.6,,,26.3,,,31.2,,,,,,38.5,,47.7,,,,49.7,,53.1,54.7,54.2,54.2,57.4,55.4,55.4,54.8,52.5,54.2,60.3,56.7,57.9,57.9,61.4,61.4,60.6,61,61.3,61.9,62,61.6,60,59.4,63.6,,,,,
Indonesia,IDN,Tingkat kesuburan remaja (jumlah kelahiran per 1.000 wanita usia 15-19),SP.ADO.TFRT,144.143,144.703,145.693,146.22,147.08,147.564,142.414,138.567,134.249,130.715,127.711,127.821,126.61,128.194,125.7,120.747,119.064,118.666,119.108,116.146,113.951,111.454,109.173,103.643,100.378,91.314,83.869,83.571,79.102,76.271,74.708,72.104,68.659,65.69,64.338,63.742,61.394,59.55,57.393,55.509,54.557,54.091,52.425,51.032,48.246,47.849,47.363,47.631,47.016,45.899,45.847,45.537,44.762,43.219,40.797,38.928,36.615,36.012,35.293,34.867,34.485,,
Indonesia,IDN,Migrasi bersih,SM.POP.NETM,50818,51816,53132,55084,72412,-61146,-77641,-80155,55732,82958,81364,79266,72010,64990,61188,56388,48001,45610,45920,43900,42246,44710,46789,47375,43693,37447,30990,26709,25379,19910,11542,3096,-2608,-3474,-2576,-1651,-1856,-4332,-11356,-28804,-42697,-64261,-83985,-97733,-102669,-102380,-101108,-103121,-108492,-98211,-77010,-54051,-38499,-36670,-37324,-37991,-38653,-39282,-39878,-40567,-24999,-14992,-49997
Indonesia,IDN,"Pengangguran, total (% dari angkatan kerja total)",SL.UEM.TOTL.ZS,,,,,,,,,,,,,,,,,,,,,,,,,,,,,,,,2.62,2.73,2.78,4.37,4.597,4.86,4.68,5.46,6.36,6.08,6.08,6.6,6.66,7.3,7.94,7.55,8.06,7.21,6.11,5.61,5.15,4.47,4.34,4.05,4.51,4.3,3.78,4.39,3.59,4.25,3.83,3.554
Indonesia,IDN,Rasio jumlah masyarakat miskin pada garis kemiskinan nasional (% dari populasi),SI.POV.NAHC,,,,,,,,,,,,,,,,,,,,,,,,,,,,,,,,,,,,,17.5,,,23.4,19.1,18.4,18.2,17.4,16.7,16,17.8,16.6,15.4,14.1,13.3,12.5,12,11.4,11.3,11.2,10.9,10.6,9.8,9.4,9.8,10.1,9.5
Indonesia,IDN,Indeks GINI,SI.POV.GINI,,,,,,,,,,,,,,,,,,,,,,,,,33.5,,,31.4,,,32.3,,,33.2,,,35.6,,32.2,32.1,29.5,30,32.8,33,33.9,34.1,35.3,36.7,36.1,36,37.2,40.5,40.5,40.8,40.2,40.4,39.3,38.8,38.4,37.6,37.6,37.9,37.9
Indonesia,IDN,"Rasio jumlah masyarakat miskin pada $1,90 per hari (PPP) (% dari populasi)",SI.POV.DDAY,,,,,,,,,,,,,,,,,,,,,,,,,74.2,,,74.3,,,62.8,,,62.1,,,51.3,,69.1,46,43.6,39.9,26.8,26.4,27,24.6,30.6,25.2,24.7,21,18.3,15.7,13.7,11.2,9.3,8.3,7.5,6.6,5.4,4.4,3.8,3.5,2.5
Indonesia,IDN,Distribusi inkam yang dipegang oleh 20% terendah,SI.DST.FRST.20,,,,,,,,,,,,,,,,,,,,,,,,,8.1,,,8.9,,,8.8,,,8.7,,,8.1,,8.7,8.9,9.4,9.4,8.8,8.6,8.2,8.2,7.9,7.6,7.7,7.8,7.4,6.9,7,7,7,6.9,6.8,6.7,6.8,7.1,7.1,7,7.3
Indonesia,IDN,"Prevalensi malnutrisi, bobot untuk usia (% dari anak balita)",SH.STA.MALN.ZS,,,,,,,,,,,,,,,,,,,,,,,,,,,,35.9,,31,,,29.8,,,,30.3,,25.8,22.8,24.8,23.4,23,23.1,19.7,24.4,,19.6,,,18.6,,,19.9,,,,,17.7,,,,
Indonesia,IDN,Persalinan ditolong oleh petugas kesehatan terampil (% dari total),SH.STA.BRTC.ZS,,,,,,,,,,,,,,,,,,,,,,,,,,,,36.3,,,40.7,35.1,40.7,,39.8,49.7,,49.1,56,,66.9,,68.4,66.2,71.5,,,73,74.86,,82.2,,83.1,87.4,,,92.6,90.9,93.6,94.7,,,
Indonesia,IDN,"Imunisasi, campak (% dari anak usia 12-23 bulan)",SH.IMM.MEAS,,,,,,,,,,,,,,,,,,,,,,,,6,13,26,45,48,51,54,58,61,65,68,66,63,79,77,77,77,76,76,72,74,76,77,79,76,76,74,78,80,82,87,86,87,88,90,89,88,76,72,
Indonesia,IDN,"Angka kematian, balita (per 1.000 kelahiran hidup)",SH.DYN.MORT,223.9,217.7,211.8,206,200.3,229,188.7,183,177.2,171.6,166,160.6,155.4,150.4,145.6,141,136.6,132.5,128.5,124.6,120.8,117.1,113.4,109.8,106.1,102.5,98.8,95.2,91.5,87.7,84,80.2,76.6,73,69.5,66.3,63.1,60.2,57.4,54.7,52.2,49.9,47.6,45.5,49.6,41.7,39.9,38.3,36.7,35.3,33.9,32.5,31.2,30,28.8,27.7,26.6,25.6,24.6,23.8,22.9,22.2,
Indonesia,IDN,"Prevalensi HIV, total (% dari populasi usia 15-49)",SH.DYN.AIDS.ZS,,,,,,,,,,,,,,,,,,,,,,,,,,,,,,,0.1,0.1,0.1,0.1,0.1,0.1,0.1,0.1,0.1,0.1,0.1,0.1,0.1,0.1,0.1,0.2,0.2,0.2,0.2,0.3,0.3,0.3,0.3,0.3,0.3,0.4,0.4,0.4,0.4,0.4,0.4,0.3,
Indonesia,IDN,"Belanja masyarakat untuk pendidikan, total (% dari PDB)",SE.XPD.TOTL.GD.ZS,,,,,,,,,,,,,2.788209915,,,,,,,,,,,,,,,,,0.871410012,,,,,0.998549998,1.004349947,1.078549981,1.072080016,,,,2.460030079,2.645689964,3.217999935,2.748470068,2.872819901,,3.044250011,2.901900053,3.525130033,2.81227994,3.189440012,3.407480001,3.359040022,3.288009882,3.583600044,3.5,2.669980049,3,2.841850042,3.49000001,,
Indonesia,IDN,"Mendaftar sekolah, tingkat menengah (% bruto)",SE.SEC.ENRR,,,,,,,,,,,18.21685028,18.58095932,18.6744709,19.00094986,19.57959938,21.07662964,21.84816933,22.5908699,24.02809906,,,28.35577965,30.53544044,34.04795837,34.30062103,,41.89925003,47.39434052,49.34970093,49.19266129,46.59009171,44.81515884,44.06684113,43.72927094,44.75057983,47.57899857,50.34727097,54.08287048,54.32743073,54.40660858,55.07712173,55.5403595,57.16159058,60.14321899,61.86724091,60.15428925,62.64102936,70.54091644,69.65622711,74.6276474,76.42624664,79.11447906,80.45233154,82.63764191,82.68238068,86.12274933,84.95211792,87.05921936,88.91017151,,,,
Indonesia,IDN,"Mendaftar sekolah, tingkat dasar (% bruto)",SE.PRM.ENRR,,,,,,,,,,,83.68039703,84.84853363,85.82485199,86.10675049,85.02404022,87.14016724,89.80815125,92.30196381,100.4041367,,,109.9654312,114.4721832,116.7042084,119.5692215,121.1644669,119.5977631,118.1014175,117.1539001,116.3139496,114.3413086,112.620842,110.8872604,110.2424927,110.963623,110.4830093,109.9648972,109.9005508,110.7341919,111.3510666,108.759491,109.7509232,109.9209518,109.5265274,108.9343033,107.9554367,106.2683792,109.3057709,107.8225403,108.5492401,109.1503372,109.1798325,109.2734222,106.8415909,106.0734024,105.9602432,105.6098785,105.9114304,106.41082,90.98205566,90.1439209,,
Indonesia,IDN,"Tingkat kelulusan sekolah dasar, total (% dari kelompok usia yang sesuai)",SE.PRM.CMPT.ZS,,,,,,,,,,,,,51.90975189,53.09521103,50.92945099,49.3127594,48.77811813,53.31087112,56.08176041,,,65.46832275,70.01609802,75.2002182,84.66932678,94.16758728,96.57727814,95.82688904,95.96594238,96.16068268,93.31404877,90.26772308,88.69213867,92.12132263,94.56243134,94.49137878,93.49292755,94.11903381,,,,93.75627136,95.05402374,95.65924072,95.59570313,94.2734375,92.56089783,96.64581299,96.69259644,98.54908752,100.5890884,,103.098259,101.1456299,103.4515305,,,100.8259201,102.3348389,,,,
Indonesia,IDN,Rasio anak perempuan terhadap anak laki-laki di pendidikan dasar dan menengah (%),SE.ENR.PRSC.FM.ZS,,,,,,,,,,,0.806020021,0.800249994,0.799269974,0.786870003,0.77275002,0.81694001,0.837040007,0.837080002,0.839699984,,,0.839999974,0.858730018,0.897849977,0.900730014,,,,0.90842998,0.922969997,0.930589974,0.938650012,0.945789993,0.928030014,0.934509993,0.931890011,0.931630015,,,0.964850008,0.970269978,0.978320003,0.980740011,0.982840002,0.986850023,0.975489974,0.982860029,0.978890002,0.98417002,0.982670009,1.020810008,1.022259951,1.008219957,0.984489977,0.982280016,0.985639989,0.995899975,0.993650019,0.993399978,,,,
Indonesia,IDN,"Angka melek huruf, total dewasa (% orang berusia 15 tahun ke atas)",SE.ADT.LITR.ZS,,,,,,,,,,,,,,,,,,,,,67.31266785,,,,,,,,,,81.51985168,,,,,,,,,,,,,,90.38478851,,91.98226929,,92.19229889,92.58170319,,92.81191254,,,95.11621857,95.21793365,95.37696838,,95.65856171,,95.99900818,,
Indonesia,IDN,"INB per kapita, PPP (mata uang $ internasional)",NY.GNP.PCAP.PP.CD,,,,,,,,,,,,,,,,,,,,,,,,,,,,,,,2920,3170,3400,3680,4020,4360,4720,4940,4150,4090,4370,4710,4970,5190,5490,5890,6360,6870,7370,7660,8210,8770,9370,9710,9890,9880,10150,10600,11320,11980,11820,12680,
Indonesia,IDN,"INB per kapita, metode Atlas (mata uang US$)",NY.GNP.PCAP.CD,,,,,,,,,,70,80,80,90,110,160,220,270,300,350,390,470,530,560,530,520,500,510,510,510,520,560,600,660,740,850,980,1080,1090,650,570,570,710,780,890,1070,1210,1360,1580,1920,2130,2510,2990,3550,3710,3600,3420,3400,3530,3850,4070,3900,4180,
Indonesia,IDN,"INB, PPP (mata uang $ internasional)",NY.GNP.MKTP.PP.CD,,,,,,,,,,,,,,,,,,,,,,,,,,,,,,,5.31736E+11,5.87732E+11,6.40201E+11,7.05158E+11,7.83579E+11,8.63463E+11,9.50563E+11,1.00986E+12,8.62363E+11,8.62958E+11,9.35805E+11,1.0228E+12,1.09355E+12,1.15818E+12,1.23943E+12,1.34714E+12,1.47442E+12,1.61284E+12,1.75278E+12,1.84669E+12,2.00243E+12,2.16777E+12,2.34531E+12,2.45927E+12,2.53433E+12,2.55988E+12,2.65703E+12,2.80242E+12,3.02372E+12,3.23029E+12,3.2139E+12,3.47117E+12,
Indonesia,IDN,"INB, metode Atlas (mata uang US$)",NY.GNP.ATLS.CD,,,,,,,,,,7769866585,9052775671,9913847538,10873679138,13944893029,20050284175,28237829116,35657673274,41704721702,49942266274,56910623777,69673191450,80457776385,86906729269,83392792114,84554292399,83056775495,86661772868,87337572570,90024925894,93731587183,1.02002E+11,1.11802E+11,1.24314E+11,1.42011E+11,1.6528E+11,1.94602E+11,2.1821E+11,2.22542E+11,1.3508E+11,1.19651E+11,1.2245E+11,1.54215E+11,1.72499E+11,1.98234E+11,2.41393E+11,2.76759E+11,3.15565E+11,3.71909E+11,4.5709E+11,5.12966E+11,6.12254E+11,7.37717E+11,8.89279E+11,9.39755E+11,9.22996E+11,8.86547E+11,8.90494E+11,9.34208E+11,1.02816E+12,1.09663E+12,1.05988E+12,1.14308E+12,
Indonesia,IDN,"PDB per kapita, PPP (mata uang $ internasional)",NY.GDP.PCAP.PP.CD,,,,,,,,,,,,,,,,,,,,,,,,,,,,,,,3069.98304,3330.325083,3566.031188,3823.257811,4130.580196,4489.873211,4850.37751,5083.757931,4396.787351,4427.113458,4681.91945,4892.352515,5121.33454,5399.32871,5749.521451,6188.855532,6643.880722,7161.810728,7638.009575,7941.166333,8430.615417,9022.72138,9645.149197,10009.0107,10233.98527,10219.17641,10482.699,10941.92095,11669.71728,12358.24225,12146.40679,13027.30061,
Indonesia,IDN,PDB per kapita (mata uang US$),NY.GDP.PCAP.CD,,,,,,,,53.33819588,64.83917991,74.3422146,79.41345543,78.86575674,90.51205917,130.4897437,201.6676706,232.1706348,277.0507928,332.2820539,364.2857906,355.2359511,489.1601963,563.7833647,580.8105956,510.4349866,522.7171467,514.4376638,472.7226388,440.3723783,479.8107166,527.8114773,582.6789678,629.1606798,678.977737,824.079149,907.4717857,1020.146681,1129.09271,1054.347358,459.1918631,663.5232299,770.8653516,739.0039465,888.9013897,1052.413199,1136.755211,1249.397689,1572.797934,1840.329927,2144.389544,2239.095265,3094.44309,3613.800902,3668.21207,3602.885517,3476.624853,3322.581688,3558.818852,3839.785069,3902.661668,4151.227543,3894.272202,4332.709281,
Indonesia,IDN,Pertumbuhan PDB (% tahunan),NY.GDP.MKTP.KD.ZG,,5.740645823,1.841977702,-2.237029984,3.529698148,1.081589467,2.791346825,1.380402805,10.91517857,6.822298249,7.554634515,7.023997197,7.037643208,8.103975535,7.234243817,5.607476636,7.079646018,8.26446281,6.870229008,7.142857143,10,7.878787879,2.247191011,4.395604396,6.842105263,2.463054187,5.769230769,5,5.627705628,7.786885246,7.224334601,6.775817441,6.497506517,6.49640812,7.539971096,8.220007399,7.818187077,4.699878854,-13.12672549,0.791126082,4.920067747,3.643466447,4.499475391,4.780369122,5.030873945,5.692571304,5.500951785,6.345022227,6.0137036,4.628871183,6.223854181,6.169784208,6.030050653,5.557263689,5.006668426,4.8763223,5.033069183,5.069785901,5.17429154,5.01928768,-2.065004941,3.691240112,
Indonesia,IDN,PDB (mata uang US$),NY.GDP.MKTP.CD,,,,,,,,5667756645,7076465295,8337423313,9150684932,9333536360,10997590361,16273253012,25802409639,30463855422,37269156627,45808915663,51455719100,51400186379,72482337371,85518233450,90158449307,81052283404,84853699995,85289491747,79954072569,75929617576,84300174476,94451427898,1.06141E+11,1.16622E+11,1.28027E+11,1.58007E+11,1.76892E+11,2.02132E+11,2.2737E+11,2.15749E+11,95445547873,1.40001E+11,1.65021E+11,1.60447E+11,1.95661E+11,2.34772E+11,2.56837E+11,2.85869E+11,3.64571E+11,4.32217E+11,5.10229E+11,5.3958E+11,7.55094E+11,8.92969E+11,9.1787E+11,9.12524E+11,8.90815E+11,8.60854E+11,9.31877E+11,1.01562E+12,1.04227E+12,1.1191E+12,1.05869E+12,1.18609E+12,
Indonesia,IDN,"Inflasi, deflator PDB (% tahunan)",NY.GDP.DEFL.KD.ZG,,13.93601551,178.8667404,145.8410863,114.7311593,228.8189408,-98.70383134,164.7218407,122.9728065,21.35320193,14.25307188,2.724737106,16.11983903,36.87847951,47.86057658,11.79694447,14.25041143,13.53101519,11.95672512,31.40936135,29.00470479,10.20010224,7.949716635,18.38246724,10.55972253,6.190419934,2.35606886,15.9219804,7.784797269,9.149527582,9.112057053,8.905743577,7.288856258,19.15257826,7.776572803,9.882045131,8.676509755,12.5713763,75.27116877,14.16119599,20.44745685,14.29571544,5.896051693,5.487429138,8.550727032,14.33178708,14.08742442,11.25857853,18.14975125,8.274752432,15.26429366,7.465943034,3.753878753,4.965990291,5.443174549,3.98024266,2.438924087,4.292678122,3.818323569,1.5984885,-0.436578123,6.015274347,
Indonesia,IDN,"Industri, nilai tambah (% dari PDB)",NV.IND.TOTL.ZS,,,,,,,,,,,,,,,,,,,,,,,,41.94831311,40.39014506,36.70986732,33.78820606,36.25428928,36.20734838,37.10764203,39.38494007,41.20477362,39.97996033,39.68049808,40.64204435,41.80083742,43.45578405,44.3289568,45.22777055,43.36006167,41.96907464,47.89350079,47.74533116,43.74956609,44.62761598,46.54105887,46.94355874,46.79914152,48.06074477,47.65212258,42.77586634,43.91342343,43.59374442,42.63567744,41.92834213,40.0478624,39.30844398,39.3791548,39.72973745,38.951768,38.25160517,39.8587969,
Indonesia,IDN,"Pertanian, nilai tambah (% dari PDB)",NV.AGR.TOTL.ZS,,,,,,,,,,,,,,,,,,,,,,,,24.10491929,23.45609892,23.76764132,24.25344163,23.32694531,24.12159195,23.42552877,21.5487236,19.66180729,19.52141047,17.87984443,17.28626233,17.1383462,16.67238738,16.09211022,18.08285295,19.6126764,15.67870444,15.99491776,16.31966897,15.18534822,14.3357803,13.12661864,12.97380272,13.7166831,14.48174026,15.29014815,13.92921271,13.51228707,13.37397424,13.35669916,13.336755,13.49264356,13.47874855,13.15663085,12.80849756,12.71260266,13.70246601,13.28068349,
Indonesia,IDN,Impor barang dan jasa (% dari PDB),NE.IMP.GNFS.ZS,12.55766274,13.61412465,5.392854468,9.349289454,13.0651153,5.735976381,22.09559987,16.86718566,15.57685887,14.82707873,15.83832335,16.64215686,18.89570552,19.48055794,21.42043332,21.97350208,20.83249821,20.07921855,20.84762156,23.58971317,22.1798762,25.5468562,26.29719315,28.8138284,22.79564137,20.94070151,20.51393571,22.39744778,22.21290203,22.99432903,25.58610246,26.48830381,27.1199706,23.76857247,25.3656732,27.64642505,26.44019168,28.13461553,43.21805779,27.42978378,30.45956744,30.76106843,26.39184088,23.13883897,27.54460022,29.92066824,25.6224105,25.39353149,28.75311546,21.3530017,22.40224294,23.8526601,24.98851951,24.7137963,24.41419099,20.77746098,18.33234795,19.17819264,22.07156246,19.03624974,15.70417423,18.86195672,
Indonesia,IDN,Formasi modal bruto (% dari PDB),NE.GDI.TOTL.ZS,7.867760123,10.23399277,5.602576586,8.196210421,12.08382982,6.692113032,4.526748971,8.008964378,8.804311537,11.66298749,13.62275449,15.79520697,18.77738826,17.8872864,16.78184535,20.34170457,20.72129155,20.12761234,20.53415985,20.93432088,20.87150159,21.38449294,22.58345268,29.40177156,24.88467494,25.34694597,27.64651732,27.24671899,29.09802202,30.6830326,32.70769009,31.86942548,30.17582734,28.28067311,29.57068775,30.42981109,31.60236064,30.30767579,27.42950667,22.13875931,22.24569693,22.53926632,21.40407021,25.59849839,24.05636637,25.08140994,25.40021729,24.92028385,27.81624458,30.98519241,32.88012145,32.98433326,35.07159361,33.83135679,34.60034391,34.06279218,33.8587393,33.7105948,34.57058583,33.78014238,32.35459061,31.45992115,
Indonesia,IDN,Ekspor barang dan jasa (% dari PDB),NE.EXP.GNFS.ZS,11.53254741,11.06147628,5.168152198,9.06881077,12.25205019,5.276254745,12.75720165,8.775654636,10.86946153,9.013980868,12.84431138,14.41993464,16.51621385,20.05360263,28.99794546,22.54775559,22.17409014,23.49098139,21.86714148,30.06582275,30.47417027,27.63044404,22.37903429,27.74540826,27.31497861,23.7776708,20.49560246,24.5768001,25.0416594,26.08755466,27.30575898,28.35126107,30.30746351,26.75481342,26.51142785,26.31216501,25.82455198,27.85924328,52.96813457,35.51412908,40.97730847,39.0321391,32.68762089,30.47765478,32.21669462,34.06726763,31.03471631,29.43571849,29.80828417,24.15911967,24.29903094,26.32735309,24.59437879,23.92357638,23.6659846,21.16017926,19.08899385,20.17730444,21.0027465,18.5915278,17.27142134,21.56081101,
Indonesia,IDN,Pengeluaran militer (% dari PDB),MS.MIL.XPND.GD.ZS,,,,,,,,,,,,,,,2.705920807,3.492189045,3.421867625,3.206089202,3.163193529,3.020258919,2.917217691,2.884622001,2.90192827,2.39812942,2.285420259,2.170599354,2.009765396,1.72218767,1.530841059,1.389136341,1.41049292,1.324064184,1.356876007,1.223557809,1.266155617,1.226309861,1.264392528,1.497741738,1.019116844,0.810812654,0.684483764,0.572792653,0.700120209,0.909285037,0.945714622,0.750789394,0.658702778,0.712361931,0.578945804,0.571133892,0.617587092,0.653776703,0.711549473,0.918769839,0.777855178,0.882266734,0.792220213,0.865191376,0.718949727,0.728504562,0.859788806,0.695925939,
Indonesia,IDN,Langganan telepon seluler (per 100 orang),IT.CEL.SETS.P2,0,,,,,0,,,,,0,,,,,0,0,0,0,0,0,0,0,0,0.001078038,0.001223825,0.002678921,0.003666018,0.005127077,0.007224398,0.009934131,0.013232541,0.018851452,0.027870427,0.040026977,0.106310098,0.279339729,0.447726102,0.512769723,1.052607358,1.714058712,3.003488464,5.31540109,8.290855733,13.42692564,20.5021492,27.52533357,39.76307645,59.08224127,67.92102195,86.58861927,101.095073,112.6850884,123.6702315,127.0667453,130.8216306,147.24962,164.5351584,119.6084851,126.5946679,130.8110952,133.6505363,
Indonesia,IDN,Waktu dibutuhkan untuk memulai suatu bisnis (hari),IC.REG.DURS,,,,,,,,,,,,,,,,,,,,,,,,,,,,,,,,,,,,,,,,,,,,,,,,,,,,,,76.9,53.9,49.3,26.3,24.5,21,12.6,,,
Indonesia,IDN,Indeks kemudahan menjalankan bisnis (1=regulasi bisnis paling bersahabat),IC.BUS.EASE.XQ,,,,,,,,,,,,,,,,,,,,,,,,,,,,,,,,,,,,,,,,,,,,,,,,,,,,,,,,,,,,73,,,
Indonesia,IDN,"Pendapatan, di luar hibah (% dari PDB)",GC.REV.XGRT.GD.ZS,,,,,,,,,,,,,13.91323401,15.01465928,16.99663803,18.16887483,19.18961382,19.11555072,19.24734019,22.01377656,22.89765588,25.47429989,21.4899233,21.04681835,21.50829133,21.48102634,20.79459052,19.85388197,16.95087006,17.401712,20.22830593,18.64803812,19.4875031,17.07766307,18.15552678,17.69186038,16.9535158,18.13771894,16.46671448,18.05997936,,18.69870293,17.44436725,17.32347323,18.36550946,,,,19.787844,15.1082541,14.45685851,15.39553988,15.46843732,15.00494556,14.61652911,12.96669934,12.47382327,12.17664757,12.99328466,12.34853846,10.54063387,11.81959398,
Indonesia,IDN,"Utang pemerintah pusat, total (% dari PDB)",GC.DOD.TOTL.GD.ZS,,,,,,,,,,,,,,,,,,,,,,,,,,,,,,,45.74145233,40.27562957,42.70935743,37.49759685,36.57059016,30.80432488,23.92314221,72.48531853,55.20408766,45.20796711,,,32.22412653,29.71739625,,,,,34.22502821,29.99730638,26.16615928,24.86514467,25.03440084,27.78192722,27.4216122,30.30912614,31.36619071,32.42906712,33.13941924,33.72915562,42.9166244,44.41941708,
Indonesia,IDN,Pengeluaran penelitian dan pengembangan (% dari PDB),GB.XPD.RSDV.GD.ZS,,,,,,,,,,,,,,,,,,,,,,,,,,,,,,,,,,,,,,,,,0.06769,0.047559999,,,,,,,,0.083319999,,,,0.084890001,,,,,,,,,
Indonesia,IDN,"Inflasi, harga konsumen (% tahunan)",FP.CPI.TOTL.ZG,39.59044369,13.69193154,131.3978495,145.9107807,108.994709,306.7631103,1136.254112,106,128.8430421,15.47987022,12.39946465,4.233748945,6.521749213,31.04188127,40.49179044,19.16569713,19.8286537,11.05208979,8.112582595,16.23276576,18.03543016,12.26590851,9.445423954,11.79974052,10.45503482,4.724536157,5.822666962,9.278656132,8.045367151,6.415539635,7.819191447,9.419058277,7.52351717,9.671893382,8.532005254,9.420323216,7.973280856,6.226141634,58.45104447,20.47783111,3.68861916,11.50011488,11.90011757,6.757317194,6.064059885,10.45319842,13.1086721,6.406562813,10.22666455,4.38641555,5.134204008,5.35604779,4.279499996,6.412513302,6.394925408,6.363121131,3.525805157,3.80879807,3.198346416,3.03058665,1.920968006,1.560129905,4.209463834
Indonesia,IDN,"Pengambilan air tawar tahunan, total (% dari sumber daya internal)",ER.H2O.FWTL.ZS,,,,,,,,,,,,,,,,,,,,,,,,,,,,,,,3.681889335,3.874804082,4.067718829,4.260633576,4.453528508,4.64646307,4.839348095,5.032257889,5.225167682,5.418077476,5.611036806,5.949636524,6.288236241,6.626835959,6.965435676,7.304035394,7.642635112,7.981234829,8.319834547,8.658434265,8.997033982,9.3356337,9.674233418,10.01283314,10.35143285,10.69003257,11.02863229,11.02863229,11.02863229,11.02863229,11.02863229,,
Indonesia,IDN,Emisi CO2 (metrik ton per kapita),EN.ATM.CO2E.PC,,,,,,,,,,,,,,,,,,,,,,,,,,,,,,,0.81539088,0.8761336,0.909566932,0.96531563,1.021787303,1.128890265,1.175509478,1.276250518,1.263881965,1.324581957,1.310982044,1.39128004,1.388557219,1.496715613,1.510342666,1.495368041,1.57235093,1.617811752,1.580831995,1.622875309,1.702823608,1.923573383,1.924310263,1.768592938,1.888585846,1.885616139,1.842687281,1.955863309,2.160475982,2.299258412,,,
Indonesia,IDN,Penggunaan energi (kg minyak ekuivalen per kapita),EG.USE.PCAP.KG.OE,,,,,,,,,,,,296.1329482,300.2551971,305.9280586,309.1510056,313.4503716,319.6047755,346.5070824,361.9540253,369.8086765,375.9290707,386.4763772,387.0249397,385.2773071,391.632678,397.037737,429.319365,434.915291,438.4459761,454.8827255,541.546724,558.2617418,572.0707423,617.9334904,608.6217147,660.3930858,673.3575771,684.9186485,659.5391425,680.603005,727.1177682,733.7824134,750.6453806,742.7716609,781.8020069,785.6755965,793.7730301,779.737359,784.8776554,837.7095311,869.2329668,826.8709532,847.1720441,858.8057274,880.121002,,,,,,,,
Indonesia,IDN,Konsumsi daya listrik (kWh per kapita),EG.USE.ELEC.KH.PC,,,,,,,,,,,,14.29692404,15.83485074,15.75667423,19.10974446,21.36217758,18.25736906,21.63765181,31.61748333,38.50218497,45.94502243,52.02182448,61.12917629,65.77215072,71.08889622,79.37068307,91.64262265,103.9198211,119.0474517,136.9439124,161.8578195,177.2161328,193.4891095,211.8680234,238.8003402,262.0165416,295.0284628,328.3812465,327.7180762,352.9909514,385.7573041,406.3792992,412.266143,423.5294457,468.804367,495.1462105,510.5147263,540.3769249,564.1504172,588.1244752,630.298386,674.8207384,728.1833488,769.4967668,808.4189721,910,956,1021,1064,1084,,,
Indonesia,IDN,"Jasa utang total (% dari ekspor barang, jasa dan pendapatan utama)",DT.TDS.DECT.EX.ZS,,,,,,,,,,,,,,,,,,,,,,14.03698769,18.12613499,18.83246757,21.87648016,28.91258987,37.46387598,37.17786071,40.43951477,38.69397885,33.48278677,34.38257748,32.7716289,33.86735718,30.96503656,30.27629091,37.14874475,30.32446337,32.26296708,30.62448719,22.84766312,23.95804259,25.22533013,26.32374683,25.46740401,20.90621741,25.74919014,19.05711911,14.48359173,19.56687617,18.72754396,14.41399914,17.43003316,19.96524081,29.91739054,34.60619961,37.47857528,29.43508718,25.07242782,39.41267951,36.70143926,28.78405449,
Indonesia,IDN,Bantuan pembangunan resmi bersih yang diterima (mata uang US$),DT.ODA.ODAT.CD,83080001.83,113800003.1,157729995.7,108150001.5,66900001.53,42869998.93,85430000.31,231940002.4,326029998.8,328609985.4,464359985.4,584500000,494959991.5,597309997.6,649929992.7,668969970.7,643380004.9,499950012.2,625929992.7,716440002.4,936909973.1,964440002.4,894750000,734669982.9,663469970.7,590859985.4,700179992.7,1207170044,1560770020,1768359985,1592550049,1791609985,1919430054,1876089966,1505199951,1251750000,1057969971,797580017.1,1265689941,2132459961,1645430054,1458180054,1296010010,1738630005,97559997.56,2489000000,1229969971,737039978,1145670044,902690002.4,1323760010,358109985.4,69010002.14,69470001.22,-381940002.4,-28459999.08,-108279998.8,280190002.4,962690002.4,-693369995.1,1209829956,612380004.9,
Indonesia,IDN,"Stok utang luar negeri, total (DOD, mata uang US$)",DT.DOD.DECT.CD,,,,,,,,,,,3432691278,4682274735,5814543796,7270793342,9100920877,11497812015,14010058798,16470538470,18045712414,18623748317,20937697366,22761139319,25133280487,30229383589,32025253802,36714642568,42914295379,52526347017,54053879425,59380152210,69848505849,79528197363,87987351692,89157126589,1.0782E+11,1.244E+11,1.29004E+11,1.3634E+11,1.51485E+11,1.51807E+11,1.44049E+11,1.3271E+11,1.28444E+11,1.34373E+11,1.38042E+11,1.42132E+11,1.3597E+11,1.47827E+11,1.57916E+11,1.79405E+11,1.98278E+11,2.19629E+11,2.52623E+11,2.63644E+11,2.92565E+11,3.07749E+11,3.18942E+11,3.53564E+11,3.79589E+11,4.02106E+11,4.17046E+11,4.16471E+11,
Indonesia,IDN,Kapitalisasi pasar perusahaan terdaftar (% dari PDB),CM.MKT.LCAP.GD.ZS,,,,,,,,,,,,,,,,,,,,,,,,,,,,,,,,,,,,32.94131089,40.0216424,13.46472993,23.13136704,45.74575134,16.24793089,14.33362262,15.36689466,23.28171674,28.52029714,28.48445573,38.09588394,48.97842945,19.35614609,39.83495235,47.7275708,43.68649336,46.65394903,37.99064551,47.38662528,41.03725644,45.68924907,51.26792744,46.70240964,46.76274878,46.85852788,,
Indonesia,IDN,"Penarikan pribadi, diterima (mata uang US$)",BX.TRF.PWKR.CD.DT,,,,,,,,,,,,,,,,,,,,,,,,10000000,53000000,61000000,71000000,86000000,99000000,167000000,166000000,130000000,229000000,346000000,449000000,651000000,796000000,725000000,958170000,1109000000,1190200000,1046000000,1258917563,1488709351,1866314990,5419620729,5722357517,6174340000,6794200933,6792907280,6916051073,6923970511,7212196578,7614419340,8551164469,9659168639,8906655811,8989529971,11215344812,11666395059,9650926142,9402427089,9959895079
Indonesia,IDN,"Investasi langsung asing, arus masuk bersih (BoP, mata uang US$)",BX.KLT.DINV.CD.WD,,,,,,,,,,,145380000,299069999.9,253520000,581000000,182120000,1292060000,747590000,235000000,417709999.9,226000000,180000000,133000000,225000000,292000000,222000000,310000000,258000000,385000000,576000000,682000000,1093000000,1482000000,1777000000,2004000000,2109000000,4346000000,6194000000,4677000000,-240800000,-1865620963,-4550355286,-2977391857,145085548.7,-596923827.8,1896082770,8336257208,4914201435,6928480000,9318453650,4877369178,15292009411,20564938227,21200778608,23281742362,25120732060,19779127977,4541713739,20510310832,18909826044,24993551748,19175077748,21213080330,21652074480
Indonesia,IDN,Areal permukaan (km persegi),AG.SRF.TOTL.K2,,1910930,1910930,1910930,1910930,1910930,1910930,1910930,1910930,1910930,1910930,1910930,1910930,1910930,1910930,1910930,1910930,1910930,1910930,1910930,1910930,1910930,1910930,1910930,1910930,1910930,1910930,1910930,1910930,1910930,1910930,1910930,1910930,1910930,1910930,1910930,1910930,1910930,1910930,1910930,1910930,1910930,1910930,1910930,1910930,1910930,1910930,1910930,1910930,1910930,1910930,1910930,1910930,1910930,1910931,1913580,1913580,1916820,1916862.2,1916906.77,1916906.77,,
Indonesia,IDN,Areal hutan (km persegi),AG.LND.FRST.K2,,,,,,,,,,,,,,,,,,,,,,,,,,,,,,,1185450,1168185,1150920,1133655,1116390,1099125,1081860,1064595,1047330,1030065,1012800,1011179.2,1009558.4,1007937.6,1006316.8,1004696,1003075.2,1001454.4,999833.6,998212.8,996592,987329.4,978066.8,968804.2,959541.6,950279,952718,939498,933442.7,927387.3,921332,,
Indonesia,IDN,Lahan pertanian (% dari luas lahan),AG.LND.AGRI.ZS,,21.30748467,21.30748467,21.2798843,21.2798843,21.25228393,21.22468356,21.22468356,21.22468356,21.19708319,21.19708319,21.16948282,21.16948282,21.14188246,21.14188246,21.11759413,21.00167258,21.00167258,21.00167258,20.97628024,20.97628024,20.94867987,20.94867987,20.92107951,20.45297725,21.90310063,22.79348852,24.00404069,24.3639495,24.5284477,24.88614848,22.92155423,22.82605696,23.19314186,23.16830153,23.72417295,23.71865288,24.027225,24.22042758,25.32444233,25.12730896,25.40586806,25.66205721,27.16670244,28.4236804,27.61410138,27.42981562,28.22874229,28.76136007,29.61354852,29.61354852,30.09290452,30.09290452,30.35921341,30.35921341,30.51899874,32.0635903,33.18208764,33.18208764,33.18208764,33.18208764,,
